{
  "n_components_kaiser": 7,
  "n_components_90pct": 14,
  "eigenvalues": [
    3.4327110725338006,
    2.6412641661173546,
    1.8370470090807285,
    1.4002956766649446,
    1.2539031884024063,
    1.1787123843469434,
    1.0328247259884555,
    0.9989337430845516,
    0.9804348375984452,
    0.9444547240195914,
    0.9152169417226044,
    0.8448091584818761
  ],
  "explained_variance_ratio": [
    0.16343515191326533,
    0.12575349369960798,
    0.08746382980007188,
    0.0666696182123759,
    0.05969971073907128,
    0.05611979380938504,
    0.04917392184338513,
    0.04756033484979615,
    0.04667958160128016,
    0.04496652879713724,
    0.043574485805360504,
    0.04022229376044981
  ],
  "cumulative_variance": [
    0.16343515191326533,
    0.2891886456128733,
    0.37665247541294516,
    0.44332209362532105,
    0.5030218043643924,
    0.5591415981737774,
    0.6083155200171625,
    0.6558758548669587,
    0.7025554364682388,
    0.7475219652653761,
    0.7910964510707366,
    0.8313187448311864
  ],
  "T2_limit": 14.091912716335827,
  "SPE_limit": 19.59116398066643,
  "SPE_g": 2.0834567972089006,
  "SPE_h": 3.947945592468582,
  "alpha": 0.95,
  "n_calibration_samples": 5992,
  "n_test_samples": 1176,
  "n_time_rows_per_wafer": 56,
  "variables": [
    "Time",
    "Step Number",
    "BCl3 Flow",
    "Cl2 Flow",
    "RF Btm Pwr",
    "RF Btm Rfl Pwr",
    "Endpt A",
    "He Press",
    "Pressure",
    "RF Tuner",
    "RF Load",
    "RF Phase Err",
    "RF Pwr",
    "RF Impedance",
    "TCP Tuner",
    "TCP Phase Err",
    "TCP Impedance",
    "TCP Top Pwr",
    "TCP Rfl Pwr",
    "TCP Load",
    "Vat Valve"
  ],
  "calibration_T2_mean": 6.998831775700941,
  "calibration_T2_std": 7.876901190215788,
  "calibration_SPE_mean": 8.225374079639588,
  "calibration_SPE_std": 5.854436187338795
}